{
  "Checkout Page" : {
    "transaction" : "Checkout Page",
    "sampleCount" : 909,
    "errorCount" : 0,
    "errorPct" : 0.0,
    "meanResTime" : 90.70517051705171,
    "medianResTime" : 80.0,
    "minResTime" : 57.0,
    "maxResTime" : 1847.0,
    "pct1ResTime" : 104.0,
    "pct2ResTime" : 127.5,
    "pct3ResTime" : 190.89999999999998,
    "throughput" : 0.5084239528647927,
    "receivedKBytesPerSec" : 0.26910720942648214,
    "sentKBytesPerSec" : 0.07348314943748958
  },
  "View Category" : {
    "transaction" : "View Category",
    "sampleCount" : 2469,
    "errorCount" : 0,
    "errorPct" : 0.0,
    "meanResTime" : 419.59214256784094,
    "medianResTime" : 390.0,
    "minResTime" : 293.0,
    "maxResTime" : 4156.0,
    "pct1ResTime" : 516.0,
    "pct2ResTime" : 563.5,
    "pct3ResTime" : 681.6000000000004,
    "throughput" : 1.3750914082127876,
    "receivedKBytesPerSec" : 65.54244282426733,
    "sentKBytesPerSec" : 0.20814371901658407
  },
  "Search MacBook" : {
    "transaction" : "Search MacBook",
    "sampleCount" : 2436,
    "errorCount" : 0,
    "errorPct" : 0.0,
    "meanResTime" : 627.8267651888344,
    "medianResTime" : 584.5,
    "minResTime" : 383.0,
    "maxResTime" : 3865.0,
    "pct1ResTime" : 825.6000000000004,
    "pct2ResTime" : 902.1500000000001,
    "pct3ResTime" : 1099.0,
    "throughput" : 1.3592187505230982,
    "receivedKBytesPerSec" : 50.137119770271944,
    "sentKBytesPerSec" : 0.21237792976923414
  },
  "View Product" : {
    "transaction" : "View Product",
    "sampleCount" : 3377,
    "errorCount" : 0,
    "errorPct" : 0.0,
    "meanResTime" : 377.78708913236534,
    "medianResTime" : 356.0,
    "minResTime" : 266.0,
    "maxResTime" : 3826.0,
    "pct1ResTime" : 464.0,
    "pct2ResTime" : 508.0999999999999,
    "pct3ResTime" : 607.6599999999994,
    "throughput" : 1.8800089964303768,
    "receivedKBytesPerSec" : 64.7501535997134,
    "sentKBytesPerSec" : 0.29375140569224634
  },
  "Search iPhone" : {
    "transaction" : "Search iPhone",
    "sampleCount" : 2443,
    "errorCount" : 0,
    "errorPct" : 0.0,
    "meanResTime" : 624.5145313139571,
    "medianResTime" : 579.0,
    "minResTime" : 384.0,
    "maxResTime" : 4684.0,
    "pct1ResTime" : 823.0,
    "pct2ResTime" : 882.0,
    "pct3ResTime" : 1134.1599999999994,
    "throughput" : 1.3592550636841318,
    "receivedKBytesPerSec" : 44.94568013314913,
    "sentKBytesPerSec" : 0.2110562061775166
  },
  "Total" : {
    "transaction" : "Total",
    "sampleCount" : 17452,
    "errorCount" : 0,
    "errorPct" : 0.0,
    "meanResTime" : 468.9087210634886,
    "medianResTime" : 436.0,
    "minResTime" : 57.0,
    "maxResTime" : 4684.0,
    "pct1ResTime" : 709.0,
    "pct2ResTime" : 804.0,
    "pct3ResTime" : 999.3500000000058,
    "throughput" : 9.705379556417663,
    "receivedKBytesPerSec" : 330.5447969199587,
    "sentKBytesPerSec" : 1.434125807657807
  },
  "Search Samsung" : {
    "transaction" : "Search Samsung",
    "sampleCount" : 2434,
    "errorCount" : 0,
    "errorPct" : 0.0,
    "meanResTime" : 628.8311421528351,
    "medianResTime" : 580.0,
    "minResTime" : 381.0,
    "maxResTime" : 4671.0,
    "pct1ResTime" : 813.0,
    "pct2ResTime" : 897.0,
    "pct3ResTime" : 1110.3000000000002,
    "throughput" : 1.3597476701611921,
    "receivedKBytesPerSec" : 47.706693892462056,
    "sentKBytesPerSec" : 0.21246057346268626
  },
  "View Cart" : {
    "transaction" : "View Cart",
    "sampleCount" : 909,
    "errorCount" : 0,
    "errorPct" : 0.0,
    "meanResTime" : 334.642464246425,
    "medianResTime" : 311.0,
    "minResTime" : 235.0,
    "maxResTime" : 3578.0,
    "pct1ResTime" : 402.0,
    "pct2ResTime" : 447.0,
    "pct3ResTime" : 629.1999999999989,
    "throughput" : 0.5083565654334312,
    "receivedKBytesPerSec" : 12.112190901801618,
    "sentKBytesPerSec" : 0.07148764201407627
  },
  "Home Page" : {
    "transaction" : "Home Page",
    "sampleCount" : 2475,
    "errorCount" : 0,
    "errorPct" : 0.0,
    "meanResTime" : 363.37131313131295,
    "medianResTime" : 341.0,
    "minResTime" : 248.0,
    "maxResTime" : 3791.0,
    "pct1ResTime" : 445.4000000000001,
    "pct2ResTime" : 483.0,
    "pct3ResTime" : 631.2399999999998,
    "throughput" : 1.376400870219023,
    "receivedKBytesPerSec" : 45.72097226611335,
    "sentKBytesPerSec" : 0.15457626960467544
  }
}